club_from,club_to,transfers
Hamburger SV,1.FC Saarbrücken,1
FC Schalke 04,1.FC Saarbrücken,1
Karlsruher SC,1.FC Saarbrücken,1
1.FC Saarbrücken,MSV Duisburg,1
SG Wattenscheid 09,Bayern Munich,1
MSV Duisburg,Bayer 05 Uerdingen,2
Hamburger SV,SV Werder Bremen,9
Hannover 96,SV Werder Bremen,5
SV Werder Bremen,SC Freiburg,5
SV Werder Bremen,Hamburger SV,4
SV Werder Bremen,MSV Duisburg,6
1.FC Nuremberg,VfB Stuttgart,17
Bayern Munich,VfB Stuttgart,11
VfB Stuttgart,SSV Ulm 1846,3
VfB Stuttgart,1.FC Nuremberg,17
Bayern Munich,Karlsruher SC,4
Karlsruher SC,Bayern Munich,9
Karlsruher SC,MSV Duisburg,4
Bayern Munich,Hamburger SV,14
Hamburger SV,VfL Wolfsburg,12
Bayern Munich,FC Schalke 04,14
FC Augsburg,Bayern Munich,3
FC Schalke 04,Borussia Dortmund,4
Borussia Dortmund,Bayern Munich,6
Bayer 04 Leverkusen,Bayern Munich,7
Bayer 04 Leverkusen,Hertha BSC,9
1.FC Nuremberg,FC St. Pauli,1
1. FC Köln,Hannover 96,6
1.FC Nuremberg,1.FC Kaiserslautern,1
SC Freiburg,1.FC Kaiserslautern,2
1.FC Kaiserslautern,FC Schalke 04,4
Hertha BSC,SG Dynamo Dresden,1
VfB Stuttgart,SG Dynamo Dresden,1
SG Dynamo Dresden,1.FC Nuremberg,2
Bayern Munich,1.FC Nuremberg,16
Borussia Dortmund,MSV Duisburg,6
Hamburger SV,Hertha BSC,14
Hamburger SV,FC St. Pauli,10
Hamburger SV,VfB Leipzig (- 2004),1
VfB Leipzig (- 2004),VfB Stuttgart,1
1.FC Nuremberg,SG Dynamo Dresden,2
SG Dynamo Dresden,Bayern Munich,1
SG Dynamo Dresden,1. FC Köln,1
SG Dynamo Dresden,FC St. Pauli,2
Hertha BSC,SV Werder Bremen,6
SV Werder Bremen,1. FC Köln,5
SV Werder Bremen,FC Schalke 04,8
FC Schalke 04,SC Freiburg,6
1.FC Nuremberg,MSV Duisburg,5
MSV Duisburg,FC St. Pauli,3
MSV Duisburg,Hannover 96,4
VfL Bochum,Karlsruher SC,1
1. FC Köln,1.FC Kaiserslautern,3
1.FC Kaiserslautern,Bayern Munich,3
1.FC Kaiserslautern,Hertha BSC,2
1.FC Nuremberg,Bayern Munich,12
VfB Stuttgart,Eintracht Frankfurt,4
Hamburger SV,Eintracht Frankfurt,8
FC Schalke 04,Eintracht Frankfurt,11
Eintracht Frankfurt,VfB Stuttgart,3
Eintracht Frankfurt,Karlsruher SC,4
Borussia Mönchengladbach,1.FC Nuremberg,4
Bayer 04 Leverkusen,VfL Bochum,7
1. FC Köln,VfL Wolfsburg,12
VfB Stuttgart,VfB Leipzig (- 2004),1
1. FC Köln,SG Dynamo Dresden,1
SG Wattenscheid 09,Hannover 96,1
FC Schalke 04,SV Werder Bremen,5
1.FC Kaiserslautern,FC St. Pauli,2
1.FC Nuremberg,FC Schalke 04,7
Bayern Munich,VfL Bochum,2
Eintracht Frankfurt,Hamburger SV,5
Hertha BSC,Bayer 04 Leverkusen,6
FC St. Pauli,1.FC Kaiserslautern,3
1.FC Kaiserslautern,Karlsruher SC,3
1. FC Köln,Bayer 05 Uerdingen,2
Karlsruher SC,Bayer 05 Uerdingen,1
Bayer 05 Uerdingen,MSV Duisburg,1
SV Werder Bremen,1.FC Nuremberg,8
SV Werder Bremen,Hannover 96,4
VfB Stuttgart,VfL Bochum,6
VfB Stuttgart,Karlsruher SC,9
1.FC Nuremberg,TSV 1860 Munich,3
Bayern Munich,TSV 1860 Munich,2
SC Freiburg,TSV 1860 Munich,1
TSV 1860 Munich,Hannover 96,2
TSV 1860 Munich,1.FSV Mainz 05,1
Hannover 96,SC Freiburg,4
FC St. Pauli,MSV Duisburg,1
MSV Duisburg,Karlsruher SC,4
1.FC Nuremberg,Karlsruher SC,5
SSV Ulm 1846,Karlsruher SC,1
Karlsruher SC,1. FC Köln,6
1.FC Nuremberg,Hamburger SV,9
Hannover 96,Hamburger SV,8
Hamburger SV,Bayern Munich,15
FC Schalke 04,Hannover 96,7
Bayern Munich,1. FC Köln,15
1.FC Nuremberg,Eintracht Frankfurt,7
1.FSV Mainz 05,Eintracht Frankfurt,4
Eintracht Frankfurt,1.FC Nuremberg,1
Borussia Mönchengladbach,1.FSV Mainz 05,4
1.FC Nuremberg,Borussia Dortmund,2
SSV Ulm 1846,Borussia Dortmund,2
Borussia Dortmund,VfB Stuttgart,9
Borussia Dortmund,Hannover 96,4
Borussia Dortmund,SSV Ulm 1846,1
Bayern Munich,Bayer 04 Leverkusen,3
Bayer 04 Leverkusen,VfB Stuttgart,6
Bayer 04 Leverkusen,Hamburger SV,7
Bayer 04 Leverkusen,FC St. Pauli,5
FC Augsburg,1. FC Köln,3
Hamburger SV,SG Dynamo Dresden,3
TSV 1860 Munich,VfL Wolfsburg,4
TSV 1860 Munich,1.FC Nuremberg,7
1.FC Kaiserslautern,MSV Duisburg,2
1. FC Köln,FC Schalke 04,6
VfB Stuttgart,FC St. Pauli,5
FC St. Pauli,Hannover 96,5
KFC Uerdingen 05,Karlsruher SC,1
1. FC Köln,TSV 1860 Munich,1
1.FSV Mainz 05,TSV 1860 Munich,2
TSV 1860 Munich,FC Augsburg,2
Bayern Munich,SC Freiburg,4
SC Freiburg,1. FC Köln,4
Hamburger SV,Hannover 96,11
MSV Duisburg,FC Schalke 04,4
1.FSV Mainz 05,FC Schalke 04,27
FC Schalke 04,VfB Stuttgart,8
FC Schalke 04,1. FC Köln,11
Hannover 96,FC Hansa Rostock,3
1.FC Nuremberg,FC Hansa Rostock,1
FC Hansa Rostock,FC St. Pauli,1
Bayern Munich,Eintracht Frankfurt,3
FC Augsburg,Eintracht Frankfurt,5
Eintracht Frankfurt,FC St. Pauli,5
Eintracht Frankfurt,VfL Bochum,6
Bayern Munich,Borussia Mönchengladbach,3
VfL Bochum,Borussia Mönchengladbach,1
1.FC Nuremberg,Borussia Mönchengladbach,4
Borussia Mönchengladbach,MSV Duisburg,6
Borussia Mönchengladbach,FC Schalke 04,2
Borussia Dortmund,FC Schalke 04,4
Bayer 04 Leverkusen,1.FC Nuremberg,11
Bayer 04 Leverkusen,FC Schalke 04,6
Bayer 04 Leverkusen,MSV Duisburg,9
VfB Stuttgart,Bayern Munich,15
Hamburger SV,Fortuna Düsseldorf,2
VfL Wolfsburg,Fortuna Düsseldorf,1
FC Augsburg,Fortuna Düsseldorf,4
Karlsruher SC,1.FSV Mainz 05,3
VfB Stuttgart,MSV Duisburg,6
VfB Stuttgart,Hertha BSC,15
1. FC Köln,VfL Bochum,4
SC Freiburg,SV Werder Bremen,5
SV Werder Bremen,Bayern Munich,11
VfL Bochum,1.FC Kaiserslautern,3
VfL Wolfsburg,1.FC Kaiserslautern,3
1.FC Kaiserslautern,VfB Stuttgart,2
SC Freiburg,Hertha BSC,7
SC Freiburg,Hannover 96,7
Hamburger SV,1.FSV Mainz 05,8
FC Hansa Rostock,Hannover 96,2
SC Freiburg,Borussia Dortmund,7
Borussia Dortmund,Hertha BSC,5
FC Augsburg,VfB Stuttgart,8
1. FC Köln,SV Werder Bremen,5
1.FC Kaiserslautern,Hamburger SV,3
1. FC Köln,Fortuna Düsseldorf,1
Bayern Munich,SV Werder Bremen,8
SV Werder Bremen,Hertha BSC,4
Karlsruher SC,TSV 1860 Munich,3
TSV 1860 Munich,Hamburger SV,2
FC St. Pauli,Hertha BSC,1
1.FSV Mainz 05,FC Hansa Rostock,1
MSV Duisburg,FC Hansa Rostock,1
FC St. Pauli,FC Hansa Rostock,3
Borussia Dortmund,1. FC Köln,10
Karlsruher SC,Bayer 04 Leverkusen,6
1.FC Nuremberg,Bayer 04 Leverkusen,12
VfB Stuttgart,Arminia Bielefeld,2
Bayern Munich,Fortuna Düsseldorf,1
VfB Stuttgart,Fortuna Düsseldorf,5
FC Schalke 04,Hertha BSC,5
Borussia Mönchengladbach,SC Freiburg,3
SC Freiburg,Hamburger SV,4
SC Freiburg,VfL Wolfsburg,6
SC Freiburg,VfL Bochum,5
VfL Bochum,FC Schalke 04,10
SSV Ulm 1846,VfB Stuttgart,1
SC Freiburg,VfB Stuttgart,6
FC St. Pauli,VfB Stuttgart,2
SC Freiburg,MSV Duisburg,4
VfB Stuttgart,1.FC Kaiserslautern,4
1.FC Kaiserslautern,VfL Wolfsburg,5
FC Hansa Rostock,VfB Stuttgart,2
FC Hansa Rostock,1.FC Nuremberg,2
MSV Duisburg,Borussia Mönchengladbach,2
Borussia Mönchengladbach,SSV Ulm 1846,1
SC Freiburg,Bayer 04 Leverkusen,6
Bayer 04 Leverkusen,VfL Wolfsburg,7
FC St. Pauli,Arminia Bielefeld,2
SC Freiburg,Arminia Bielefeld,1
Arminia Bielefeld,Hamburger SV,1
Arminia Bielefeld,SSV Ulm 1846,1
Arminia Bielefeld,Hannover 96,1
1.FC Kaiserslautern,1.FC Nuremberg,2
Karlsruher SC,VfL Wolfsburg,3
VfL Wolfsburg,VfB Stuttgart,19
VfL Wolfsburg,FC St. Pauli,4
VfL Wolfsburg,Karlsruher SC,5
VfL Bochum,Hertha BSC,8
VfL Bochum,1. FC Köln,6
1. FC Köln,VfB Stuttgart,5
MSV Duisburg,VfB Stuttgart,4
VfB Stuttgart,Hannover 96,5
Hertha BSC,TSV 1860 Munich,1
FC Schalke 04,TSV 1860 Munich,3
TSV 1860 Munich,Bayern Munich,1
Hamburger SV,SC Freiburg,5
MSV Duisburg,1.FC Nuremberg,4
1. FC Köln,Hertha BSC,5
Hertha BSC,Karlsruher SC,4
Karlsruher SC,Hamburger SV,6
Hamburger SV,Karlsruher SC,7
Hamburger SV,FC Schalke 04,12
FC Schalke 04,Bayern Munich,16
FC Hansa Rostock,VfL Wolfsburg,1
FC Hansa Rostock,Hamburger SV,3
1. FC Köln,Bayern Munich,5
1. FC Köln,Borussia Mönchengladbach,1
VfB Stuttgart,Borussia Mönchengladbach,3
Borussia Mönchengladbach,Bayern Munich,5
Borussia Mönchengladbach,VfL Wolfsburg,4
MSV Duisburg,Borussia Dortmund,4
1. FC Köln,Borussia Dortmund,6
Bayern Munich,Borussia Dortmund,7
Karlsruher SC,Borussia Dortmund,7
VfL Bochum,Bayer 04 Leverkusen,7
FC Augsburg,1.FC Nuremberg,4
Karlsruher SC,VfL Bochum,2
Bayern Munich,MSV Duisburg,4
1. FC Köln,MSV Duisburg,4
Hertha BSC,FC St. Pauli,3
SC Freiburg,Borussia Mönchengladbach,5
Borussia Dortmund,1.FC Nuremberg,3
Bayer 04 Leverkusen,1. FC Köln,2
Bayern Munich,Hertha BSC,13
VfL Wolfsburg,MSV Duisburg,8
FC Augsburg,MSV Duisburg,1
Hertha BSC,MSV Duisburg,7
VfB Stuttgart,Borussia Dortmund,7
Hannover 96,Borussia Dortmund,2
VfL Wolfsburg,Borussia Dortmund,4
MSV Duisburg,1.FC Kaiserslautern,3
1.FC Kaiserslautern,1. FC Köln,4
VfB Stuttgart,VfL Wolfsburg,21
VfL Wolfsburg,Hamburger SV,10
FC St. Pauli,TSV 1860 Munich,1
TSV 1860 Munich,Karlsruher SC,1
Hannover 96,FC Schalke 04,8
FC Schalke 04,FC St. Pauli,9
FC Schalke 04,1.FSV Mainz 05,14
VfL Bochum,SC Freiburg,4
SC Freiburg,Karlsruher SC,10
1.FC Nuremberg,SV Werder Bremen,7
SV Werder Bremen,VfL Wolfsburg,4
SV Werder Bremen,VfB Stuttgart,3
VfL Wolfsburg,FC Hansa Rostock,4
VfB Stuttgart,FC Hansa Rostock,2
FC Hansa Rostock,Hertha BSC,1
Karlsruher SC,Eintracht Frankfurt,2
VfL Bochum,Eintracht Frankfurt,3
Hannover 96,Eintracht Frankfurt,4
Eintracht Frankfurt,Hannover 96,6
Eintracht Frankfurt,FC Augsburg,4
Bayern Munich,Arminia Bielefeld,2
1.FC Nuremberg,Arminia Bielefeld,2
Arminia Bielefeld,VfB Stuttgart,1
Arminia Bielefeld,VfL Bochum,2
1. FC Köln,SpVgg Unterhaching,1
Hamburger SV,SpVgg Unterhaching,1
Karlsruher SC,SpVgg Unterhaching,1
Hertha BSC,SpVgg Unterhaching,1
SpVgg Unterhaching,VfL Bochum,1
Karlsruher SC,SSV Ulm 1846,1
FC Schalke 04,MSV Duisburg,3
Borussia Dortmund,VfL Wolfsburg,4
Bayern Munich,1.FC Kaiserslautern,2
VfB Stuttgart,FC Schalke 04,17
FC Hansa Rostock,SC Freiburg,1
Arminia Bielefeld,1.FSV Mainz 05,3
VfB Stuttgart,SpVgg Unterhaching,1
VfL Wolfsburg,SpVgg Unterhaching,2
Borussia Dortmund,Hamburger SV,4
1. FC Köln,Bayer 04 Leverkusen,6
MSV Duisburg,Bayer 04 Leverkusen,6
MSV Duisburg,Bayern Munich,1
MSV Duisburg,TSV 1860 Munich,1
TSV 1860 Munich,FC St. Pauli,1
Hamburger SV,1.FC Kaiserslautern,1
FC St. Pauli,Hamburger SV,5
FC Schalke 04,Hamburger SV,14
Hamburger SV,1. FC Köln,10
Karlsruher SC,SC Freiburg,10
Hannover 96,1. FC Köln,10
VfB Stuttgart,1. FC Köln,12
SSV Ulm 1846,SpVgg Unterhaching,1
Bayern Munich,SpVgg Unterhaching,1
MSV Duisburg,SpVgg Unterhaching,1
SpVgg Unterhaching,VfB Stuttgart,1
Hannover 96,VfB Stuttgart,10
FC Augsburg,VfL Wolfsburg,14
Hannover 96,VfL Wolfsburg,5
VfL Wolfsburg,Hannover 96,9
Hertha BSC,VfL Bochum,10
SSV Ulm 1846,Hertha BSC,1
MSV Duisburg,Hertha BSC,3
Hannover 96,FC Energie Cottbus,1
FC Energie Cottbus,FC St. Pauli,2
Borussia Dortmund,SC Freiburg,4
VfL Bochum,VfB Stuttgart,2
Hertha BSC,VfB Stuttgart,11
MSV Duisburg,Eintracht Frankfurt,4
VfL Wolfsburg,Bayer 04 Leverkusen,4
Hamburger SV,Bayer 04 Leverkusen,10
Hertha BSC,1.FC Nuremberg,6
MSV Duisburg,VfL Wolfsburg,5
VfL Wolfsburg,VfL Bochum,5
VfB Stuttgart,SV Werder Bremen,3
FC St. Pauli,SV Werder Bremen,5
SSV Ulm 1846,TSV 1860 Munich,1
Hamburger SV,FC Hansa Rostock,2
FC Schalke 04,FC Hansa Rostock,1
SC Freiburg,FC Hansa Rostock,1
FC Hansa Rostock,FC Schalke 04,2
FC St. Pauli,SC Freiburg,5
SSV Ulm 1846,FC Energie Cottbus,1
Hamburger SV,VfL Bochum,5
Hannover 96,FC St. Pauli,4
VfL Wolfsburg,FC Energie Cottbus,2
Hertha BSC,Bayern Munich,2
Bayern Munich,VfL Wolfsburg,12
Hannover 96,Bayer 04 Leverkusen,6
Bayer 04 Leverkusen,Karlsruher SC,3
FC Schalke 04,VfL Bochum,12
1.FC Kaiserslautern,1.FSV Mainz 05,1
Hamburger SV,Borussia Mönchengladbach,6
TSV 1860 Munich,VfL Bochum,1
1.FSV Mainz 05,Hannover 96,6
Hertha BSC,Hannover 96,6
Hannover 96,1.FSV Mainz 05,4
VfL Wolfsburg,1.FC Nuremberg,15
1.FC Nuremberg,VfL Wolfsburg,12
VfL Bochum,VfL Wolfsburg,5
FC Schalke 04,FC Energie Cottbus,1
FC Energie Cottbus,1. FC Köln,2
FC Energie Cottbus,Karlsruher SC,1
FC Hansa Rostock,FC Augsburg,1
1.FSV Mainz 05,SV Werder Bremen,4
Hertha BSC,1. FC Köln,5
Arminia Bielefeld,Hertha BSC,2
Arminia Bielefeld,FC Augsburg,3
VfL Bochum,MSV Duisburg,1
Borussia Dortmund,VfL Bochum,4
SV Werder Bremen,FC St. Pauli,6
Hamburger SV,Arminia Bielefeld,1
Arminia Bielefeld,FC St. Pauli,3
VfL Wolfsburg,Bayern Munich,6
SC Freiburg,FC Schalke 04,4
Bayer 04 Leverkusen,Hannover 96,6
Borussia Dortmund,Karlsruher SC,2
Hannover 96,Hertha BSC,4
Hertha BSC,Hamburger SV,12
MSV Duisburg,VfL Bochum,2
VfL Bochum,Hannover 96,2
VfL Bochum,FC Augsburg,5
1. FC Köln,Eintracht Frankfurt,4
Eintracht Frankfurt,VfL Wolfsburg,4
VfL Wolfsburg,Borussia Mönchengladbach,4
Borussia Mönchengladbach,Hamburger SV,6
Karlsruher SC,FC Hansa Rostock,1
FC Hansa Rostock,MSV Duisburg,1
1.FSV Mainz 05,1. FC Köln,12
MSV Duisburg,1. FC Köln,2
Hannover 96,MSV Duisburg,8
SV Werder Bremen,1.FSV Mainz 05,5
VfL Wolfsburg,1. FC Köln,15
FC St. Pauli,Eintracht Frankfurt,4
1. FC Köln,1.FSV Mainz 05,6
Hannover 96,1.FC Nuremberg,3
VfL Bochum,SV Werder Bremen,3
VfL Bochum,Bayern Munich,2
VfL Bochum,Borussia Dortmund,2
Borussia Dortmund,1.FSV Mainz 05,6
FC Schalke 04,1.FC Nuremberg,3
Hertha BSC,FC Hansa Rostock,2
FC Schalke 04,Borussia Mönchengladbach,7
1.FC Nuremberg,Hannover 96,4
Hannover 96,Karlsruher SC,3
FC Schalke 04,1.FC Kaiserslautern,2
Karlsruher SC,1.FC Kaiserslautern,1
1.FC Kaiserslautern,VfL Bochum,3
VfL Bochum,Arminia Bielefeld,1
Hannover 96,Arminia Bielefeld,2
Arminia Bielefeld,1. FC Köln,1
Bayer 04 Leverkusen,1.FSV Mainz 05,7
FC Hansa Rostock,Karlsruher SC,1
Borussia Mönchengladbach,Karlsruher SC,1
Bayern Munich,Hannover 96,7
FC Schalke 04,VfL Wolfsburg,7
Hertha BSC,Eintracht Frankfurt,3
Borussia Mönchengladbach,VfL Bochum,2
Karlsruher SC,1.FC Nuremberg,1
Arminia Bielefeld,VfL Wolfsburg,3
Arminia Bielefeld,1.FC Nuremberg,3
1. FC Köln,Karlsruher SC,2
Karlsruher SC,Hertha BSC,1
Hertha BSC,Borussia Mönchengladbach,5
Borussia Mönchengladbach,Hertha BSC,3
Karlsruher SC,Arminia Bielefeld,1
Hertha BSC,Arminia Bielefeld,3
SV Werder Bremen,VfL Bochum,1
VfB Stuttgart,Hamburger SV,10
Hertha BSC,VfL Wolfsburg,11
1.FC Nuremberg,VfL Bochum,2
1.FC Nuremberg,FC Augsburg,8
1.FSV Mainz 05,VfB Stuttgart,4
Borussia Mönchengladbach,1. FC Köln,1
VfL Bochum,1.FSV Mainz 05,7
FC St. Pauli,1.FSV Mainz 05,4
1.FSV Mainz 05,VfL Bochum,6
Hannover 96,VfL Bochum,6
MSV Duisburg,Arminia Bielefeld,2
Arminia Bielefeld,Karlsruher SC,1
Eintracht Frankfurt,1.FSV Mainz 05,6
Alemannia Aachen,FC St. Pauli,1
Hamburger SV,FC Energie Cottbus,1
Hertha BSC,FC Energie Cottbus,2
1. FC Köln,FC Energie Cottbus,1
FC Energie Cottbus,MSV Duisburg,1
FC Energie Cottbus,Hamburger SV,1
Hamburger SV,VfB Stuttgart,5
1.FSV Mainz 05,FC Augsburg,5
1.FSV Mainz 05,Bayer 04 Leverkusen,7
VfL Bochum,1.FC Nuremberg,3
1.FC Nuremberg,SC Freiburg,8
VfL Bochum,FC St. Pauli,1
1.FSV Mainz 05,Hamburger SV,3
Eintracht Frankfurt,FC Schalke 04,10
VfL Wolfsburg,Arminia Bielefeld,4
Arminia Bielefeld,FC Schalke 04,1
FC Energie Cottbus,VfL Wolfsburg,2
FC Energie Cottbus,1.FSV Mainz 05,1
VfL Wolfsburg,FC Augsburg,19
VfL Wolfsburg,1.FSV Mainz 05,9
VfL Bochum,FC Hansa Rostock,1
VfB Stuttgart,SC Freiburg,5
FC Energie Cottbus,FC Augsburg,1
MSV Duisburg,SC Freiburg,3
1.FSV Mainz 05,Borussia Dortmund,5
Hamburger SV,Borussia Dortmund,1
Karlsruher SC,Hannover 96,5
1.FSV Mainz 05,VfL Wolfsburg,7
VfB Stuttgart,TSG 1899 Hoffenheim,6
FC Augsburg,FC Energie Cottbus,1
Eintracht Frankfurt,MSV Duisburg,4
1. FC Köln,1.FC Nuremberg,6
Borussia Dortmund,FC Augsburg,3
Bayer 04 Leverkusen,FC Augsburg,9
TSG 1899 Hoffenheim,1.FSV Mainz 05,2
Hamburger SV,MSV Duisburg,2
Arminia Bielefeld,MSV Duisburg,1
VfL Wolfsburg,SC Freiburg,6
Hertha BSC,FC Augsburg,12
Karlsruher SC,VfB Stuttgart,1
MSV Duisburg,Hamburger SV,2
Hamburger SV,1.FC Nuremberg,6
Hertha BSC,TSG 1899 Hoffenheim,1
Karlsruher SC,TSG 1899 Hoffenheim,3
TSG 1899 Hoffenheim,Hertha BSC,2
SV Werder Bremen,FC Augsburg,2
1.FSV Mainz 05,Borussia Mönchengladbach,1
Borussia Mönchengladbach,FC Augsburg,4
1.FSV Mainz 05,Karlsruher SC,3
VfB Stuttgart,1.FSV Mainz 05,6
MSV Duisburg,SV Werder Bremen,2
FC Augsburg,SV Werder Bremen,1
1.FSV Mainz 05,MSV Duisburg,2
Hertha BSC,Borussia Dortmund,5
FC Schalke 04,FC Augsburg,13
FC Augsburg,Bayer 04 Leverkusen,6
Bayer 04 Leverkusen,SC Freiburg,2
VfL Wolfsburg,RB Leipzig,3
MSV Duisburg,TSG 1899 Hoffenheim,1
TSG 1899 Hoffenheim,1.FC Nuremberg,2
Hertha BSC,SC Freiburg,1
Hamburger SV,FC Augsburg,6
1. FC Köln,FC St. Pauli,2
Hertha BSC,1.FC Kaiserslautern,1
1.FSV Mainz 05,1.FC Kaiserslautern,1
Hannover 96,Borussia Mönchengladbach,2
Bayern Munich,TSG 1899 Hoffenheim,5
TSG 1899 Hoffenheim,Bayern Munich,9
TSG 1899 Hoffenheim,1. FC Köln,3
TSG 1899 Hoffenheim,Karlsruher SC,3
FC Augsburg,Borussia Dortmund,3
Borussia Dortmund,FC St. Pauli,4
VfB Stuttgart,Bayer 04 Leverkusen,3
FC St. Pauli,Bayer 04 Leverkusen,2
FC St. Pauli,FC Schalke 04,2
RB Leipzig,Hamburger SV,1
FC Augsburg,Hamburger SV,4
Karlsruher SC,Borussia Mönchengladbach,2
Borussia Mönchengladbach,FC St. Pauli,1
MSV Duisburg,1.FSV Mainz 05,1
1.FSV Mainz 05,FC St. Pauli,3
Karlsruher SC,FC Augsburg,2
FC Augsburg,VfL Bochum,1
VfL Wolfsburg,TSG 1899 Hoffenheim,4
SC Freiburg,TSG 1899 Hoffenheim,5
FC St. Pauli,1. FC Köln,1
1.FC Kaiserslautern,RB Leipzig,1
1. FC Köln,SC Freiburg,3
TSG 1899 Hoffenheim,VfB Stuttgart,5
TSG 1899 Hoffenheim,FC Schalke 04,5
FC St. Pauli,Borussia Dortmund,2
FC Augsburg,FC Schalke 04,4
Eintracht Frankfurt,1. FC Köln,2
1.FC Nuremberg,RB Leipzig,3
1.FC Nuremberg,1. FC Köln,1
VfL Wolfsburg,Hertha BSC,7
Hertha BSC,1.FSV Mainz 05,3
1.FSV Mainz 05,Hertha BSC,5
FC Augsburg,Karlsruher SC,1
FC Augsburg,Hertha BSC,13
1.FSV Mainz 05,SpVgg Greuther Fürth,1
FC Schalke 04,SpVgg Greuther Fürth,1
FC Schalke 04,TSG 1899 Hoffenheim,6
TSG 1899 Hoffenheim,RB Leipzig,2
TSG 1899 Hoffenheim,FC Augsburg,3
TSG 1899 Hoffenheim,FC St. Pauli,4
TSG 1899 Hoffenheim,VfL Wolfsburg,3
SC Freiburg,Fortuna Düsseldorf,1
MSV Duisburg,Fortuna Düsseldorf,2
Fortuna Düsseldorf,MSV Duisburg,2
Fortuna Düsseldorf,1. FC Köln,2
Fortuna Düsseldorf,Hamburger SV,1
VfL Wolfsburg,Eintracht Frankfurt,4
Hamburger SV,SpVgg Greuther Fürth,3
SpVgg Greuther Fürth,FC Schalke 04,1
1.FSV Mainz 05,TSG 1899 Hoffenheim,1
1.FSV Mainz 05,Bayern Munich,2
SC Freiburg,Eintracht Frankfurt,2
RB Leipzig,VfL Wolfsburg,1
FC St. Pauli,VfL Wolfsburg,2
VfB Stuttgart,FC Augsburg,2
FC Augsburg,TSG 1899 Hoffenheim,3
FC St. Pauli,TSG 1899 Hoffenheim,4
FC Augsburg,Eintracht Braunschweig,1
1.FSV Mainz 05,Eintracht Braunschweig,1
MSV Duisburg,Eintracht Braunschweig,1
FC Schalke 04,Bayer 04 Leverkusen,2
FC Augsburg,Borussia Mönchengladbach,3
1.FSV Mainz 05,SC Freiburg,9
TSG 1899 Hoffenheim,Hannover 96,9
TSG 1899 Hoffenheim,VfL Bochum,11
1.FC Nuremberg,Hertha BSC,3
Eintracht Frankfurt,SC Freiburg,2
Eintracht Frankfurt,Bayern Munich,1
VfB Stuttgart,RB Leipzig,2
VfL Wolfsburg,SC Paderborn 07,1
Bayern Munich,FC Augsburg,4
VfL Wolfsburg,SV Werder Bremen,3
SC Freiburg,1.FC Nuremberg,7
1.FC Nuremberg,TSG 1899 Hoffenheim,1
VfL Bochum,TSG 1899 Hoffenheim,7
TSG 1899 Hoffenheim,Hamburger SV,1
TSG 1899 Hoffenheim,SC Freiburg,6
SV Werder Bremen,RB Leipzig,1
SC Freiburg,1.FSV Mainz 05,7
RB Leipzig,VfB Stuttgart,1
VfL Bochum,Hamburger SV,1
FC Schalke 04,FC Ingolstadt 04,2
Hertha BSC,SV Darmstadt 98,3
1.FSV Mainz 05,SV Darmstadt 98,1
VfB Stuttgart,SV Darmstadt 98,1
SV Darmstadt 98,1.FC Nuremberg,2
SV Darmstadt 98,1.FSV Mainz 05,1
SV Darmstadt 98,Hertha BSC,1
SV Darmstadt 98,1. FC Köln,2
FC Schalke 04,SV Darmstadt 98,2
Bayer 04 Leverkusen,RB Leipzig,2
VfL Wolfsburg,FC Schalke 04,8
RB Leipzig,FC Ingolstadt 04,1
RB Leipzig,FC Augsburg,4
SC Freiburg,SV Darmstadt 98,1
MSV Duisburg,SV Darmstadt 98,1
Hamburger SV,SV Darmstadt 98,1
SV Darmstadt 98,Hamburger SV,1
Hamburger SV,TSG 1899 Hoffenheim,1
1. FC Köln,TSG 1899 Hoffenheim,2
Hannover 96,TSG 1899 Hoffenheim,4
SC Freiburg,FC St. Pauli,3
RB Leipzig,VfL Bochum,3
RB Leipzig,Bayer 04 Leverkusen,1
FC Schalke 04,Karlsruher SC,1
1. FC Köln,Hamburger SV,5
RB Leipzig,SV Darmstadt 98,1
VfL Bochum,RB Leipzig,2
RB Leipzig,Hertha BSC,4
Borussia Mönchengladbach,Hannover 96,1
Karlsruher SC,FC Schalke 04,1
RB Leipzig,1.FC Nuremberg,3
RB Leipzig,1. FC Köln,5
FC St. Pauli,Fortuna Düsseldorf,1
Hannover 96,Fortuna Düsseldorf,1
VfL Bochum,Fortuna Düsseldorf,1
Fortuna Düsseldorf,Hertha BSC,1
Fortuna Düsseldorf,FC Augsburg,2
Fortuna Düsseldorf,VfB Stuttgart,2
Hannover 96,RB Leipzig,1
FC Schalke 04,Fortuna Düsseldorf,2
Fortuna Düsseldorf,FC Schalke 04,1
Fortuna Düsseldorf,Hannover 96,1
FC Augsburg,1.FSV Mainz 05,2
FC Augsburg,SC Freiburg,4
SC Freiburg,FC Augsburg,4
Hannover 96,FC Augsburg,1
MSV Duisburg,SC Paderborn 07,1
1.FSV Mainz 05,SC Paderborn 07,2
SC Paderborn 07,FC Schalke 04,1
SC Paderborn 07,VfB Stuttgart,1
SC Paderborn 07,MSV Duisburg,1
FC Augsburg,1.FC Union Berlin,3
1.FSV Mainz 05,1.FC Union Berlin,3
Hertha BSC,1.FC Union Berlin,1
VfB Stuttgart,1.FC Union Berlin,1
Hannover 96,1.FC Union Berlin,2
SC Freiburg,1.FC Union Berlin,4
1.FC Union Berlin,FC Augsburg,2
1.FC Union Berlin,Hannover 96,2
RB Leipzig,Eintracht Frankfurt,1
Hertha BSC,SC Paderborn 07,1
SC Paderborn 07,Hannover 96,1
SC Paderborn 07,Karlsruher SC,1
VfL Wolfsburg,1.FC Union Berlin,3
RB Leipzig,Borussia Mönchengladbach,2
Hertha BSC,FC Schalke 04,4
FC Schalke 04,1.FC Union Berlin,2
1.FC Union Berlin,1. FC Köln,1
1.FC Union Berlin,VfL Wolfsburg,2
1.FC Union Berlin,SC Freiburg,2
SV Werder Bremen,Karlsruher SC,1
FC Augsburg,Arminia Bielefeld,1
RB Leipzig,Bayern Munich,4
Eintracht Frankfurt,RB Leipzig,1
Hamburger SV,1.FC Union Berlin,1
1.FC Union Berlin,FC Schalke 04,2
1.FC Union Berlin,1.FSV Mainz 05,2
1.FC Union Berlin,1.FC Nuremberg,1
Borussia Mönchengladbach,RB Leipzig,1
FC Schalke 04,Arminia Bielefeld,1
1.FSV Mainz 05,Arminia Bielefeld,1
Hertha BSC,SpVgg Greuther Fürth,1
Bayern Munich,SpVgg Greuther Fürth,1
SpVgg Greuther Fürth,1.FSV Mainz 05,1
SpVgg Greuther Fürth,Hannover 96,1
SpVgg Greuther Fürth,Bayern Munich,1
RB Leipzig,FC Schalke 04,2
VfL Bochum,1.FC Union Berlin,1
1.FC Union Berlin,VfL Bochum,1
RB Leipzig,TSG 1899 Hoffenheim,1
Karlsruher SC,SV Werder Bremen,1
1.FC Union Berlin,VfB Stuttgart,1
